seedId,accountId,accountName,priority,name,url,tagline,source,circle,candidateType,sourceUrl,published,researchProvider,researchQuery,researchUrl,acceptanceChecklist,notes
2026-06-13-ai_founder_signals-001,ai_founder_signals,AI Founder Signals,P1,,,,seed_batch_pack,ai_startups,topic,https://x.com/search?q=AI%20Founder%20Signals%20AI%20startup%20circle%20tools%20founder%20workflow&src=typed_query&f=live,2026-06-13,X live search,AI Founder Signals AI startup circle tools founder workflow,https://x.com/search?q=AI%20Founder%20Signals%20AI%20startup%20circle%20tools%20founder%20workflow&src=typed_query&f=live,real URL | AI/startup/tool angle | clear buyer pain | not broad hype,"Account: AI Founder Signals | Fill only if fresh, specific, and useful for this account."
2026-06-13-ai_founder_signals-002,ai_founder_signals,AI Founder Signals,P1,,,,seed_batch_pack,ai_startups,product,https://www.google.com/search?q=AI%20Founder%20Signals%20AI%20startup%20circle%20tools%20founder%20workflow%20after%3A2026-01-01,2026-06-13,Google recent search,AI Founder Signals AI startup circle tools founder workflow,https://www.google.com/search?q=AI%20Founder%20Signals%20AI%20startup%20circle%20tools%20founder%20workflow%20after%3A2026-01-01,real URL | AI/startup/tool angle | clear buyer pain | not broad hype,"Account: AI Founder Signals | Fill only if fresh, specific, and useful for this account."
2026-06-13-ai_founder_signals-003,ai_founder_signals,AI Founder Signals,P1,,,,seed_batch_pack,ai_startups,product,https://x.com/search?q=AI%20Founder%20Signals%20AI%20startup%20circle%20tools%20founder%20workflow&src=typed_query&f=live,2026-06-13,X live search,AI Founder Signals AI startup circle tools founder workflow,https://x.com/search?q=AI%20Founder%20Signals%20AI%20startup%20circle%20tools%20founder%20workflow&src=typed_query&f=live,real URL | AI/startup/tool angle | clear buyer pain | not broad hype,"Account: AI Founder Signals | Fill only if fresh, specific, and useful for this account."
2026-06-13-ai_founder_signals-004,ai_founder_signals,AI Founder Signals,P2,,,,seed_batch_pack,ai_startups,topic,https://www.google.com/search?q=AI%20Founder%20Signals%20AI%20startup%20circle%20tools%20founder%20workflow%20after%3A2026-01-01,2026-06-13,Google recent search,AI Founder Signals AI startup circle tools founder workflow,https://www.google.com/search?q=AI%20Founder%20Signals%20AI%20startup%20circle%20tools%20founder%20workflow%20after%3A2026-01-01,real URL | AI/startup/tool angle | clear buyer pain | not broad hype,"Account: AI Founder Signals | Fill only if fresh, specific, and useful for this account."
2026-06-13-ai_founder_signals-005,ai_founder_signals,AI Founder Signals,P2,,,,seed_batch_pack,ai_startups,product,https://x.com/search?q=AI%20Founder%20Signals%20AI%20startup%20circle%20tools%20founder%20workflow&src=typed_query&f=live,2026-06-13,X live search,AI Founder Signals AI startup circle tools founder workflow,https://x.com/search?q=AI%20Founder%20Signals%20AI%20startup%20circle%20tools%20founder%20workflow&src=typed_query&f=live,real URL | AI/startup/tool angle | clear buyer pain | not broad hype,"Account: AI Founder Signals | Fill only if fresh, specific, and useful for this account."
2026-06-13-ai_founder_signals-006,ai_founder_signals,AI Founder Signals,P2,,,,seed_batch_pack,ai_startups,product,https://www.google.com/search?q=AI%20Founder%20Signals%20AI%20startup%20circle%20tools%20founder%20workflow%20after%3A2026-01-01,2026-06-13,Google recent search,AI Founder Signals AI startup circle tools founder workflow,https://www.google.com/search?q=AI%20Founder%20Signals%20AI%20startup%20circle%20tools%20founder%20workflow%20after%3A2026-01-01,real URL | AI/startup/tool angle | clear buyer pain | not broad hype,"Account: AI Founder Signals | Fill only if fresh, specific, and useful for this account."
2026-06-13-ai_founder_signals-007,ai_founder_signals,AI Founder Signals,P2,,,,seed_batch_pack,ai_startups,topic,https://x.com/search?q=AI%20Founder%20Signals%20AI%20startup%20circle%20tools%20founder%20workflow&src=typed_query&f=live,2026-06-13,X live search,AI Founder Signals AI startup circle tools founder workflow,https://x.com/search?q=AI%20Founder%20Signals%20AI%20startup%20circle%20tools%20founder%20workflow&src=typed_query&f=live,real URL | AI/startup/tool angle | clear buyer pain | not broad hype,"Account: AI Founder Signals | Fill only if fresh, specific, and useful for this account."
2026-06-13-ai_founder_signals-008,ai_founder_signals,AI Founder Signals,P3,,,,seed_batch_pack,ai_startups,product,https://www.google.com/search?q=AI%20Founder%20Signals%20AI%20startup%20circle%20tools%20founder%20workflow%20after%3A2026-01-01,2026-06-13,Google recent search,AI Founder Signals AI startup circle tools founder workflow,https://www.google.com/search?q=AI%20Founder%20Signals%20AI%20startup%20circle%20tools%20founder%20workflow%20after%3A2026-01-01,real URL | AI/startup/tool angle | clear buyer pain | not broad hype,"Account: AI Founder Signals | Fill only if fresh, specific, and useful for this account."
2026-06-13-ai_founder_signals-009,ai_founder_signals,AI Founder Signals,P3,,,,seed_batch_pack,ai_startups,product,https://x.com/search?q=AI%20Founder%20Signals%20AI%20startup%20circle%20tools%20founder%20workflow&src=typed_query&f=live,2026-06-13,X live search,AI Founder Signals AI startup circle tools founder workflow,https://x.com/search?q=AI%20Founder%20Signals%20AI%20startup%20circle%20tools%20founder%20workflow&src=typed_query&f=live,real URL | AI/startup/tool angle | clear buyer pain | not broad hype,"Account: AI Founder Signals | Fill only if fresh, specific, and useful for this account."
2026-06-13-ai_founder_signals-010,ai_founder_signals,AI Founder Signals,P3,,,,seed_batch_pack,ai_startups,topic,https://www.google.com/search?q=AI%20Founder%20Signals%20AI%20startup%20circle%20tools%20founder%20workflow%20after%3A2026-01-01,2026-06-13,Google recent search,AI Founder Signals AI startup circle tools founder workflow,https://www.google.com/search?q=AI%20Founder%20Signals%20AI%20startup%20circle%20tools%20founder%20workflow%20after%3A2026-01-01,real URL | AI/startup/tool angle | clear buyer pain | not broad hype,"Account: AI Founder Signals | Fill only if fresh, specific, and useful for this account."
2026-06-13-ai_tools_lab-001,ai_tools_lab,AI Tools Lab,P1,,,,seed_batch_pack,ai_startups,topic,https://x.com/search?q=AI%20Tools%20Lab%20AI%20tools%20discovery%20tools%20founder%20workflow&src=typed_query&f=live,2026-06-13,X live search,AI Tools Lab AI tools discovery tools founder workflow,https://x.com/search?q=AI%20Tools%20Lab%20AI%20tools%20discovery%20tools%20founder%20workflow&src=typed_query&f=live,real URL | AI/startup/tool angle | clear buyer pain | not broad hype,"Account: AI Tools Lab | Fill only if fresh, specific, and useful for this account."
2026-06-13-ai_tools_lab-002,ai_tools_lab,AI Tools Lab,P1,,,,seed_batch_pack,ai_startups,product,https://www.google.com/search?q=AI%20Tools%20Lab%20AI%20tools%20discovery%20tools%20founder%20workflow%20after%3A2026-01-01,2026-06-13,Google recent search,AI Tools Lab AI tools discovery tools founder workflow,https://www.google.com/search?q=AI%20Tools%20Lab%20AI%20tools%20discovery%20tools%20founder%20workflow%20after%3A2026-01-01,real URL | AI/startup/tool angle | clear buyer pain | not broad hype,"Account: AI Tools Lab | Fill only if fresh, specific, and useful for this account."
2026-06-13-ai_tools_lab-003,ai_tools_lab,AI Tools Lab,P1,,,,seed_batch_pack,ai_startups,product,https://x.com/search?q=AI%20Tools%20Lab%20AI%20tools%20discovery%20tools%20founder%20workflow&src=typed_query&f=live,2026-06-13,X live search,AI Tools Lab AI tools discovery tools founder workflow,https://x.com/search?q=AI%20Tools%20Lab%20AI%20tools%20discovery%20tools%20founder%20workflow&src=typed_query&f=live,real URL | AI/startup/tool angle | clear buyer pain | not broad hype,"Account: AI Tools Lab | Fill only if fresh, specific, and useful for this account."
2026-06-13-ai_tools_lab-004,ai_tools_lab,AI Tools Lab,P2,,,,seed_batch_pack,ai_startups,topic,https://www.google.com/search?q=AI%20Tools%20Lab%20AI%20tools%20discovery%20tools%20founder%20workflow%20after%3A2026-01-01,2026-06-13,Google recent search,AI Tools Lab AI tools discovery tools founder workflow,https://www.google.com/search?q=AI%20Tools%20Lab%20AI%20tools%20discovery%20tools%20founder%20workflow%20after%3A2026-01-01,real URL | AI/startup/tool angle | clear buyer pain | not broad hype,"Account: AI Tools Lab | Fill only if fresh, specific, and useful for this account."
2026-06-13-ai_tools_lab-005,ai_tools_lab,AI Tools Lab,P2,,,,seed_batch_pack,ai_startups,product,https://x.com/search?q=AI%20Tools%20Lab%20AI%20tools%20discovery%20tools%20founder%20workflow&src=typed_query&f=live,2026-06-13,X live search,AI Tools Lab AI tools discovery tools founder workflow,https://x.com/search?q=AI%20Tools%20Lab%20AI%20tools%20discovery%20tools%20founder%20workflow&src=typed_query&f=live,real URL | AI/startup/tool angle | clear buyer pain | not broad hype,"Account: AI Tools Lab | Fill only if fresh, specific, and useful for this account."
2026-06-13-ai_tools_lab-006,ai_tools_lab,AI Tools Lab,P2,,,,seed_batch_pack,ai_startups,product,https://www.google.com/search?q=AI%20Tools%20Lab%20AI%20tools%20discovery%20tools%20founder%20workflow%20after%3A2026-01-01,2026-06-13,Google recent search,AI Tools Lab AI tools discovery tools founder workflow,https://www.google.com/search?q=AI%20Tools%20Lab%20AI%20tools%20discovery%20tools%20founder%20workflow%20after%3A2026-01-01,real URL | AI/startup/tool angle | clear buyer pain | not broad hype,"Account: AI Tools Lab | Fill only if fresh, specific, and useful for this account."
2026-06-13-ai_tools_lab-007,ai_tools_lab,AI Tools Lab,P2,,,,seed_batch_pack,ai_startups,topic,https://x.com/search?q=AI%20Tools%20Lab%20AI%20tools%20discovery%20tools%20founder%20workflow&src=typed_query&f=live,2026-06-13,X live search,AI Tools Lab AI tools discovery tools founder workflow,https://x.com/search?q=AI%20Tools%20Lab%20AI%20tools%20discovery%20tools%20founder%20workflow&src=typed_query&f=live,real URL | AI/startup/tool angle | clear buyer pain | not broad hype,"Account: AI Tools Lab | Fill only if fresh, specific, and useful for this account."
2026-06-13-ai_tools_lab-008,ai_tools_lab,AI Tools Lab,P3,,,,seed_batch_pack,ai_startups,product,https://www.google.com/search?q=AI%20Tools%20Lab%20AI%20tools%20discovery%20tools%20founder%20workflow%20after%3A2026-01-01,2026-06-13,Google recent search,AI Tools Lab AI tools discovery tools founder workflow,https://www.google.com/search?q=AI%20Tools%20Lab%20AI%20tools%20discovery%20tools%20founder%20workflow%20after%3A2026-01-01,real URL | AI/startup/tool angle | clear buyer pain | not broad hype,"Account: AI Tools Lab | Fill only if fresh, specific, and useful for this account."
2026-06-13-ai_tools_lab-009,ai_tools_lab,AI Tools Lab,P3,,,,seed_batch_pack,ai_startups,product,https://x.com/search?q=AI%20Tools%20Lab%20AI%20tools%20discovery%20tools%20founder%20workflow&src=typed_query&f=live,2026-06-13,X live search,AI Tools Lab AI tools discovery tools founder workflow,https://x.com/search?q=AI%20Tools%20Lab%20AI%20tools%20discovery%20tools%20founder%20workflow&src=typed_query&f=live,real URL | AI/startup/tool angle | clear buyer pain | not broad hype,"Account: AI Tools Lab | Fill only if fresh, specific, and useful for this account."
2026-06-13-ai_tools_lab-010,ai_tools_lab,AI Tools Lab,P3,,,,seed_batch_pack,ai_startups,topic,https://www.google.com/search?q=AI%20Tools%20Lab%20AI%20tools%20discovery%20tools%20founder%20workflow%20after%3A2026-01-01,2026-06-13,Google recent search,AI Tools Lab AI tools discovery tools founder workflow,https://www.google.com/search?q=AI%20Tools%20Lab%20AI%20tools%20discovery%20tools%20founder%20workflow%20after%3A2026-01-01,real URL | AI/startup/tool angle | clear buyer pain | not broad hype,"Account: AI Tools Lab | Fill only if fresh, specific, and useful for this account."
2026-06-13-ai_agent_ops-001,ai_agent_ops,AI Agent Ops,P1,,,,seed_batch_pack,ai_startups,topic,https://x.com/search?q=AI%20Agent%20Ops%20AI%20agents%20and%20automation%20tools%20founder%20workflow&src=typed_query&f=live,2026-06-13,X live search,AI Agent Ops AI agents and automation tools founder workflow,https://x.com/search?q=AI%20Agent%20Ops%20AI%20agents%20and%20automation%20tools%20founder%20workflow&src=typed_query&f=live,real URL | AI/startup/tool angle | clear buyer pain | not broad hype,"Account: AI Agent Ops | Fill only if fresh, specific, and useful for this account."
2026-06-13-ai_agent_ops-002,ai_agent_ops,AI Agent Ops,P1,,,,seed_batch_pack,ai_startups,product,https://www.google.com/search?q=AI%20Agent%20Ops%20AI%20agents%20and%20automation%20tools%20founder%20workflow%20after%3A2026-01-01,2026-06-13,Google recent search,AI Agent Ops AI agents and automation tools founder workflow,https://www.google.com/search?q=AI%20Agent%20Ops%20AI%20agents%20and%20automation%20tools%20founder%20workflow%20after%3A2026-01-01,real URL | AI/startup/tool angle | clear buyer pain | not broad hype,"Account: AI Agent Ops | Fill only if fresh, specific, and useful for this account."
2026-06-13-ai_agent_ops-003,ai_agent_ops,AI Agent Ops,P1,,,,seed_batch_pack,ai_startups,product,https://x.com/search?q=AI%20Agent%20Ops%20AI%20agents%20and%20automation%20tools%20founder%20workflow&src=typed_query&f=live,2026-06-13,X live search,AI Agent Ops AI agents and automation tools founder workflow,https://x.com/search?q=AI%20Agent%20Ops%20AI%20agents%20and%20automation%20tools%20founder%20workflow&src=typed_query&f=live,real URL | AI/startup/tool angle | clear buyer pain | not broad hype,"Account: AI Agent Ops | Fill only if fresh, specific, and useful for this account."
2026-06-13-ai_agent_ops-004,ai_agent_ops,AI Agent Ops,P2,,,,seed_batch_pack,ai_startups,topic,https://www.google.com/search?q=AI%20Agent%20Ops%20AI%20agents%20and%20automation%20tools%20founder%20workflow%20after%3A2026-01-01,2026-06-13,Google recent search,AI Agent Ops AI agents and automation tools founder workflow,https://www.google.com/search?q=AI%20Agent%20Ops%20AI%20agents%20and%20automation%20tools%20founder%20workflow%20after%3A2026-01-01,real URL | AI/startup/tool angle | clear buyer pain | not broad hype,"Account: AI Agent Ops | Fill only if fresh, specific, and useful for this account."
2026-06-13-ai_agent_ops-005,ai_agent_ops,AI Agent Ops,P2,,,,seed_batch_pack,ai_startups,product,https://x.com/search?q=AI%20Agent%20Ops%20AI%20agents%20and%20automation%20tools%20founder%20workflow&src=typed_query&f=live,2026-06-13,X live search,AI Agent Ops AI agents and automation tools founder workflow,https://x.com/search?q=AI%20Agent%20Ops%20AI%20agents%20and%20automation%20tools%20founder%20workflow&src=typed_query&f=live,real URL | AI/startup/tool angle | clear buyer pain | not broad hype,"Account: AI Agent Ops | Fill only if fresh, specific, and useful for this account."
2026-06-13-ai_agent_ops-006,ai_agent_ops,AI Agent Ops,P2,,,,seed_batch_pack,ai_startups,product,https://www.google.com/search?q=AI%20Agent%20Ops%20AI%20agents%20and%20automation%20tools%20founder%20workflow%20after%3A2026-01-01,2026-06-13,Google recent search,AI Agent Ops AI agents and automation tools founder workflow,https://www.google.com/search?q=AI%20Agent%20Ops%20AI%20agents%20and%20automation%20tools%20founder%20workflow%20after%3A2026-01-01,real URL | AI/startup/tool angle | clear buyer pain | not broad hype,"Account: AI Agent Ops | Fill only if fresh, specific, and useful for this account."
2026-06-13-ai_agent_ops-007,ai_agent_ops,AI Agent Ops,P2,,,,seed_batch_pack,ai_startups,topic,https://x.com/search?q=AI%20Agent%20Ops%20AI%20agents%20and%20automation%20tools%20founder%20workflow&src=typed_query&f=live,2026-06-13,X live search,AI Agent Ops AI agents and automation tools founder workflow,https://x.com/search?q=AI%20Agent%20Ops%20AI%20agents%20and%20automation%20tools%20founder%20workflow&src=typed_query&f=live,real URL | AI/startup/tool angle | clear buyer pain | not broad hype,"Account: AI Agent Ops | Fill only if fresh, specific, and useful for this account."
2026-06-13-ai_agent_ops-008,ai_agent_ops,AI Agent Ops,P3,,,,seed_batch_pack,ai_startups,product,https://www.google.com/search?q=AI%20Agent%20Ops%20AI%20agents%20and%20automation%20tools%20founder%20workflow%20after%3A2026-01-01,2026-06-13,Google recent search,AI Agent Ops AI agents and automation tools founder workflow,https://www.google.com/search?q=AI%20Agent%20Ops%20AI%20agents%20and%20automation%20tools%20founder%20workflow%20after%3A2026-01-01,real URL | AI/startup/tool angle | clear buyer pain | not broad hype,"Account: AI Agent Ops | Fill only if fresh, specific, and useful for this account."
2026-06-13-ai_agent_ops-009,ai_agent_ops,AI Agent Ops,P3,,,,seed_batch_pack,ai_startups,product,https://x.com/search?q=AI%20Agent%20Ops%20AI%20agents%20and%20automation%20tools%20founder%20workflow&src=typed_query&f=live,2026-06-13,X live search,AI Agent Ops AI agents and automation tools founder workflow,https://x.com/search?q=AI%20Agent%20Ops%20AI%20agents%20and%20automation%20tools%20founder%20workflow&src=typed_query&f=live,real URL | AI/startup/tool angle | clear buyer pain | not broad hype,"Account: AI Agent Ops | Fill only if fresh, specific, and useful for this account."
2026-06-13-ai_agent_ops-010,ai_agent_ops,AI Agent Ops,P3,,,,seed_batch_pack,ai_startups,topic,https://www.google.com/search?q=AI%20Agent%20Ops%20AI%20agents%20and%20automation%20tools%20founder%20workflow%20after%3A2026-01-01,2026-06-13,Google recent search,AI Agent Ops AI agents and automation tools founder workflow,https://www.google.com/search?q=AI%20Agent%20Ops%20AI%20agents%20and%20automation%20tools%20founder%20workflow%20after%3A2026-01-01,real URL | AI/startup/tool angle | clear buyer pain | not broad hype,"Account: AI Agent Ops | Fill only if fresh, specific, and useful for this account."